<ImportExportXml version="6.1.0000.0575" SolutionPackageVersion="6.1" languagecode="1033" generatedBy="CrmLive" xmlns:xsi="http://www.w3.org/2001/XMLSchema-instance">
  <SolutionManifest>
    <UniqueName>USDComponentLibrary</UniqueName>
    <LocalizedNames>
      <LocalizedName description="USD Component Library" languagecode="1033" />
    </LocalizedNames>
    <Descriptions />
    <Version>1.0.0.0</Version>
    <Managed>0</Managed>
    <Publisher>
      <UniqueName>microsoftconsultingservices</UniqueName>
      <LocalizedNames>
        <LocalizedName description="Microsoft Consulting Services" languagecode="1033" />
      </LocalizedNames>
      <Descriptions />
      <EMailAddress xsi:nil="true"></EMailAddress>
      <SupportingWebsiteUrl xsi:nil="true"></SupportingWebsiteUrl>
      <CustomizationPrefix>mcs</CustomizationPrefix>
      <CustomizationOptionValuePrefix>80375</CustomizationOptionValuePrefix>
      <Addresses>
        <Address>
          <AddressNumber>1</AddressNumber>
          <AddressTypeCode>1</AddressTypeCode>
          <City xsi:nil="true"></City>
          <County xsi:nil="true"></County>
          <Country xsi:nil="true"></Country>
          <Fax xsi:nil="true"></Fax>
          <FreightTermsCode xsi:nil="true"></FreightTermsCode>
          <ImportSequenceNumber xsi:nil="true"></ImportSequenceNumber>
          <Latitude xsi:nil="true"></Latitude>
          <Line1 xsi:nil="true"></Line1>
          <Line2 xsi:nil="true"></Line2>
          <Line3 xsi:nil="true"></Line3>
          <Longitude xsi:nil="true"></Longitude>
          <Name xsi:nil="true"></Name>
          <PostalCode xsi:nil="true"></PostalCode>
          <PostOfficeBox xsi:nil="true"></PostOfficeBox>
          <PrimaryContactName xsi:nil="true"></PrimaryContactName>
          <ShippingMethodCode>1</ShippingMethodCode>
          <StateOrProvince xsi:nil="true"></StateOrProvince>
          <Telephone1 xsi:nil="true"></Telephone1>
          <Telephone2 xsi:nil="true"></Telephone2>
          <Telephone3 xsi:nil="true"></Telephone3>
          <TimeZoneRuleVersionNumber xsi:nil="true"></TimeZoneRuleVersionNumber>
          <UPSZone xsi:nil="true"></UPSZone>
          <UTCOffset xsi:nil="true"></UTCOffset>
          <UTCConversionTimeZoneCode xsi:nil="true"></UTCConversionTimeZoneCode>
        </Address>
        <Address>
          <AddressNumber>2</AddressNumber>
          <AddressTypeCode>1</AddressTypeCode>
          <City xsi:nil="true"></City>
          <County xsi:nil="true"></County>
          <Country xsi:nil="true"></Country>
          <Fax xsi:nil="true"></Fax>
          <FreightTermsCode xsi:nil="true"></FreightTermsCode>
          <ImportSequenceNumber xsi:nil="true"></ImportSequenceNumber>
          <Latitude xsi:nil="true"></Latitude>
          <Line1 xsi:nil="true"></Line1>
          <Line2 xsi:nil="true"></Line2>
          <Line3 xsi:nil="true"></Line3>
          <Longitude xsi:nil="true"></Longitude>
          <Name xsi:nil="true"></Name>
          <PostalCode xsi:nil="true"></PostalCode>
          <PostOfficeBox xsi:nil="true"></PostOfficeBox>
          <PrimaryContactName xsi:nil="true"></PrimaryContactName>
          <ShippingMethodCode>1</ShippingMethodCode>
          <StateOrProvince xsi:nil="true"></StateOrProvince>
          <Telephone1 xsi:nil="true"></Telephone1>
          <Telephone2 xsi:nil="true"></Telephone2>
          <Telephone3 xsi:nil="true"></Telephone3>
          <TimeZoneRuleVersionNumber xsi:nil="true"></TimeZoneRuleVersionNumber>
          <UPSZone xsi:nil="true"></UPSZone>
          <UTCOffset xsi:nil="true"></UTCOffset>
          <UTCConversionTimeZoneCode xsi:nil="true"></UTCConversionTimeZoneCode>
        </Address>
      </Addresses>
    </Publisher>
    <RootComponents>
      <RootComponent type="1" schemaName="uii_hostedapplication" />
      <RootComponent type="61" schemaName="msdyusd_CRMUnifiedServiceDesk" />
    </RootComponents>
    <MissingDependencies>
      <MissingDependency>
        <Required key="0" type="1" schemaName="uii_hostedapplication" displayName="Hosted Control" solution="UiiForMicrosoftDynamicsCRM2011 (3.0.0.580)" />
        <Dependent key="0" type="1" schemaName="uii_hostedapplication" displayName="Hosted Control" />
      </MissingDependency>
      <MissingDependency>
        <Required key="1" type="1" schemaName="msdyusd_languagemodule" displayName="Language Module" solution="DynamicsUnifiedServiceDesk (1.0)" />
        <Dependent key="2" type="60" displayName="Information" parentDisplayName="Hosted Control" id="{233416ec-d5a5-43f4-953e-2465da1340aa}" />
      </MissingDependency>
      <MissingDependency>
        <Required key="3" type="2" schemaName="msdyusd_crmwindowhosttype" displayName="CRM Window Host Type" parentSchemaName="uii_hostedapplication" parentDisplayName="Hosted Control" solution="DynamicsUnifiedServiceDesk (1.0)" />
        <Dependent key="3" type="2" schemaName="msdyusd_crmwindowhosttype" displayName="CRM Window Host Type" parentSchemaName="uii_hostedapplication" parentDisplayName="Hosted Control" />
      </MissingDependency>
      <MissingDependency>
        <Required key="4" type="2" schemaName="uii_mainwindowacquisitiontimeout" displayName="Main Window Acquisition Timeout (ms)" parentSchemaName="uii_hostedapplication" parentDisplayName="Hosted Control" solution="UiiForMicrosoftDynamicsCRM2011 (3.0.0.580)" />
        <Dependent key="2" type="60" displayName="Information" parentDisplayName="Hosted Control" id="{233416ec-d5a5-43f4-953e-2465da1340aa}" />
      </MissingDependency>
      <MissingDependency>
        <Required key="5" type="2" schemaName="msdyusd_maximumbrowsers" displayName="Maximum Browsers" parentSchemaName="uii_hostedapplication" parentDisplayName="Hosted Control" solution="DynamicsUnifiedServiceDesk (1.0)" />
        <Dependent key="2" type="60" displayName="Information" parentDisplayName="Hosted Control" id="{233416ec-d5a5-43f4-953e-2465da1340aa}" />
      </MissingDependency>
      <MissingDependency>
        <Required key="6" type="2" schemaName="uii_minimumsizey" displayName="Minimum Size Y" parentSchemaName="uii_hostedapplication" parentDisplayName="Hosted Control" solution="UiiForMicrosoftDynamicsCRM2011 (3.0.0.580)" />
        <Dependent key="2" type="60" displayName="Information" parentDisplayName="Hosted Control" id="{233416ec-d5a5-43f4-953e-2465da1340aa}" />
      </MissingDependency>
      <MissingDependency>
        <Required key="7" type="2" schemaName="uii_managehosting" displayName="Manage Hosting" parentSchemaName="uii_hostedapplication" parentDisplayName="Hosted Control" solution="UiiForMicrosoftDynamicsCRM2011 (3.0.0.580)" />
        <Dependent key="2" type="60" displayName="Information" parentDisplayName="Hosted Control" id="{233416ec-d5a5-43f4-953e-2465da1340aa}" />
      </MissingDependency>
      <MissingDependency>
        <Required key="8" type="2" schemaName="uii_icafilename" displayName="ICA File Name" parentSchemaName="uii_hostedapplication" parentDisplayName="Hosted Control" solution="UiiForMicrosoftDynamicsCRM2011 (3.0.0.580)" />
        <Dependent key="2" type="60" displayName="Information" parentDisplayName="Hosted Control" id="{233416ec-d5a5-43f4-953e-2465da1340aa}" />
      </MissingDependency>
      <MissingDependency>
        <Required key="9" type="2" schemaName="uii_managepopups" displayName="Manage Popups" parentSchemaName="uii_hostedapplication" parentDisplayName="Hosted Control" solution="UiiForMicrosoftDynamicsCRM2011 (3.0.0.580)" />
        <Dependent key="2" type="60" displayName="Information" parentDisplayName="Hosted Control" id="{233416ec-d5a5-43f4-953e-2465da1340aa}" />
      </MissingDependency>
      <MissingDependency>
        <Required key="10" type="2" schemaName="uii_findwindowclass" displayName="FindWindow Class" parentSchemaName="uii_hostedapplication" parentDisplayName="Hosted Control" solution="UiiForMicrosoftDynamicsCRM2011 (3.0.0.580)" />
        <Dependent key="2" type="60" displayName="Information" parentDisplayName="Hosted Control" id="{233416ec-d5a5-43f4-953e-2465da1340aa}" />
      </MissingDependency>
      <MissingDependency>
        <Required key="11" type="2" schemaName="msdyusd_hostingtype" displayName="Hosting Type" parentSchemaName="uii_hostedapplication" parentDisplayName="Hosted Control" solution="DynamicsUnifiedServiceDesk (1.0)" />
        <Dependent key="2" type="60" displayName="Information" parentDisplayName="Hosted Control" id="{233416ec-d5a5-43f4-953e-2465da1340aa}" />
      </MissingDependency>
      <MissingDependency>
        <Required key="12" type="2" schemaName="uii_isattachinputthread" displayName="Attach Input Thread" parentSchemaName="uii_hostedapplication" parentDisplayName="Hosted Control" solution="UiiForMicrosoftDynamicsCRM2011 (3.0.0.580)" />
        <Dependent key="2" type="60" displayName="Information" parentDisplayName="Hosted Control" id="{233416ec-d5a5-43f4-953e-2465da1340aa}" />
      </MissingDependency>
      <MissingDependency>
        <Required key="13" type="2" schemaName="uii_displaygroup" displayName="Display Group" parentSchemaName="uii_hostedapplication" parentDisplayName="Hosted Control" solution="UiiForMicrosoftDynamicsCRM2011 (3.0.0.580)" />
        <Dependent key="2" type="60" displayName="Information" parentDisplayName="Hosted Control" id="{233416ec-d5a5-43f4-953e-2465da1340aa}" />
      </MissingDependency>
      <MissingDependency>
        <Required key="14" type="2" schemaName="uii_processacquisitionfilename" displayName="Process Acquisition Filename" parentSchemaName="uii_hostedapplication" parentDisplayName="Hosted Control" solution="UiiForMicrosoftDynamicsCRM2011 (3.0.0.580)" />
        <Dependent key="2" type="60" displayName="Information" parentDisplayName="Hosted Control" id="{233416ec-d5a5-43f4-953e-2465da1340aa}" />
      </MissingDependency>
      <MissingDependency>
        <Required key="15" type="2" schemaName="uii_webappurl" displayName="URL" parentSchemaName="uii_hostedapplication" parentDisplayName="Hosted Control" solution="UiiForMicrosoftDynamicsCRM2011 (3.0.0.580)" />
        <Dependent key="2" type="60" displayName="Information" parentDisplayName="Hosted Control" id="{233416ec-d5a5-43f4-953e-2465da1340aa}" />
      </MissingDependency>
      <MissingDependency>
        <Required key="16" type="2" schemaName="uii_removesizingcontrols" displayName="Remove Sizing Controls" parentSchemaName="uii_hostedapplication" parentDisplayName="Hosted Control" solution="UiiForMicrosoftDynamicsCRM2011 (3.0.0.580)" />
        <Dependent key="2" type="60" displayName="Information" parentDisplayName="Hosted Control" id="{233416ec-d5a5-43f4-953e-2465da1340aa}" />
      </MissingDependency>
      <MissingDependency>
        <Required key="17" type="2" schemaName="uii_hostedapplicationtype" displayName="Hosted Application Type" parentSchemaName="uii_hostedapplication" parentDisplayName="Hosted Control" solution="UiiForMicrosoftDynamicsCRM2011 (3.0.0.580)" />
        <Dependent key="2" type="60" displayName="Information" parentDisplayName="Hosted Control" id="{233416ec-d5a5-43f4-953e-2465da1340aa}" />
      </MissingDependency>
      <MissingDependency>
        <Required key="18" type="2" schemaName="uii_externalapparguments" displayName="Arguments" parentSchemaName="uii_hostedapplication" parentDisplayName="Hosted Control" solution="UiiForMicrosoftDynamicsCRM2011 (3.0.0.580)" />
        <Dependent key="2" type="60" displayName="Information" parentDisplayName="Hosted Control" id="{233416ec-d5a5-43f4-953e-2465da1340aa}" />
      </MissingDependency>
      <MissingDependency>
        <Required key="19" type="2" schemaName="uii_automationxml" displayName="Automation XML" parentSchemaName="uii_hostedapplication" parentDisplayName="Hosted Control" solution="UiiForMicrosoftDynamicsCRM2011 (3.0.0.580)" />
        <Dependent key="2" type="60" displayName="Information" parentDisplayName="Hosted Control" id="{233416ec-d5a5-43f4-953e-2465da1340aa}" />
      </MissingDependency>
      <MissingDependency>
        <Required key="20" type="2" schemaName="uii_optimalsizey" displayName="Optimal Size Y" parentSchemaName="uii_hostedapplication" parentDisplayName="Hosted Control" solution="UiiForMicrosoftDynamicsCRM2011 (3.0.0.580)" />
        <Dependent key="2" type="60" displayName="Information" parentDisplayName="Hosted Control" id="{233416ec-d5a5-43f4-953e-2465da1340aa}" />
      </MissingDependency>
      <MissingDependency>
        <Required key="21" type="2" schemaName="uii_toplevelwindowcaption" displayName="Caption" parentSchemaName="uii_hostedapplication" parentDisplayName="Hosted Control" solution="UiiForMicrosoftDynamicsCRM2011 (3.0.0.580)" />
        <Dependent key="2" type="60" displayName="Information" parentDisplayName="Hosted Control" id="{233416ec-d5a5-43f4-953e-2465da1340aa}" />
      </MissingDependency>
      <MissingDependency>
        <Required key="22" type="2" schemaName="msdyusd_allowmultiplepages" displayName="Allow Multiple Pages" parentSchemaName="uii_hostedapplication" parentDisplayName="Hosted Control" solution="DynamicsUnifiedServiceDesk (1.0)" />
        <Dependent key="2" type="60" displayName="Information" parentDisplayName="Hosted Control" id="{233416ec-d5a5-43f4-953e-2465da1340aa}" />
      </MissingDependency>
      <MissingDependency>
        <Required key="23" type="2" schemaName="uii_sortorder" displayName="Sort Order" parentSchemaName="uii_hostedapplication" parentDisplayName="Hosted Control" solution="UiiForMicrosoftDynamicsCRM2011 (3.0.0.580)" />
        <Dependent key="2" type="60" displayName="Information" parentDisplayName="Hosted Control" id="{233416ec-d5a5-43f4-953e-2465da1340aa}" />
      </MissingDependency>
      <MissingDependency>
        <Required key="24" type="2" schemaName="uii_remote_processacquisitiondelay" displayName="Process Acquisition Delay" parentSchemaName="uii_hostedapplication" parentDisplayName="Hosted Control" solution="UiiForMicrosoftDynamicsCRM2011 (3.0.0.580)" />
        <Dependent key="2" type="60" displayName="Information" parentDisplayName="Hosted Control" id="{233416ec-d5a5-43f4-953e-2465da1340aa}" />
      </MissingDependency>
      <MissingDependency>
        <Required key="25" type="2" schemaName="uii_isglobalapplication" displayName="Application is Global" parentSchemaName="uii_hostedapplication" parentDisplayName="Hosted Control" solution="UiiForMicrosoftDynamicsCRM2011 (3.0.0.580)" />
        <Dependent key="2" type="60" displayName="Information" parentDisplayName="Hosted Control" id="{233416ec-d5a5-43f4-953e-2465da1340aa}" />
      </MissingDependency>
      <MissingDependency>
        <Required key="26" type="2" schemaName="msdyusd_dashboardname" displayName="Dashboard Name" parentSchemaName="uii_hostedapplication" parentDisplayName="Hosted Control" solution="DynamicsUnifiedServiceDesk (1.0)" />
        <Dependent key="2" type="60" displayName="Information" parentDisplayName="Hosted Control" id="{233416ec-d5a5-43f4-953e-2465da1340aa}" />
      </MissingDependency>
      <MissingDependency>
        <Required key="27" type="2" schemaName="msdyusd_paneltype" displayName="PanelType" parentSchemaName="uii_hostedapplication" parentDisplayName="Hosted Control" solution="DynamicsUnifiedServiceDesk (1.0)" />
        <Dependent key="2" type="60" displayName="Information" parentDisplayName="Hosted Control" id="{233416ec-d5a5-43f4-953e-2465da1340aa}" />
      </MissingDependency>
      <MissingDependency>
        <Required key="28" type="2" schemaName="uii_name" displayName="Name" parentSchemaName="uii_hostedapplication" parentDisplayName="Hosted Control" solution="UiiForMicrosoftDynamicsCRM2011 (3.0.0.580)" />
        <Dependent key="2" type="60" displayName="Information" parentDisplayName="Hosted Control" id="{233416ec-d5a5-43f4-953e-2465da1340aa}" />
      </MissingDependency>
      <MissingDependency>
        <Required key="29" type="2" schemaName="statecode" displayName="Status" parentSchemaName="uii_hostedapplication" parentDisplayName="Hosted Control" solution="UiiForMicrosoftDynamicsCRM2011 (3.0.0.580)" />
        <Dependent key="2" type="60" displayName="Information" parentDisplayName="Hosted Control" id="{233416ec-d5a5-43f4-953e-2465da1340aa}" />
      </MissingDependency>
      <MissingDependency>
        <Required key="30" type="2" schemaName="uii_optimalsizex" displayName="Optimal Size X" parentSchemaName="uii_hostedapplication" parentDisplayName="Hosted Control" solution="UiiForMicrosoftDynamicsCRM2011 (3.0.0.580)" />
        <Dependent key="2" type="60" displayName="Information" parentDisplayName="Hosted Control" id="{233416ec-d5a5-43f4-953e-2465da1340aa}" />
      </MissingDependency>
      <MissingDependency>
        <Required key="31" type="2" schemaName="uii_isdependentonworkflow" displayName="Dependent on Workflow" parentSchemaName="uii_hostedapplication" parentDisplayName="Hosted Control" solution="UiiForMicrosoftDynamicsCRM2011 (3.0.0.580)" />
        <Dependent key="2" type="60" displayName="Information" parentDisplayName="Hosted Control" id="{233416ec-d5a5-43f4-953e-2465da1340aa}" />
      </MissingDependency>
      <MissingDependency>
        <Required key="32" type="2" schemaName="uii_isappdynamic" displayName="Application is Dynamic" parentSchemaName="uii_hostedapplication" parentDisplayName="Hosted Control" solution="UiiForMicrosoftDynamicsCRM2011 (3.0.0.580)" />
        <Dependent key="2" type="60" displayName="Information" parentDisplayName="Hosted Control" id="{233416ec-d5a5-43f4-953e-2465da1340aa}" />
      </MissingDependency>
      <MissingDependency>
        <Required key="33" type="2" schemaName="uii_assemblytype" displayName="Assembly Type" parentSchemaName="uii_hostedapplication" parentDisplayName="Hosted Control" solution="UiiForMicrosoftDynamicsCRM2011 (3.0.0.580)" />
        <Dependent key="2" type="60" displayName="Information" parentDisplayName="Hosted Control" id="{233416ec-d5a5-43f4-953e-2465da1340aa}" />
      </MissingDependency>
      <MissingDependency>
        <Required key="34" type="2" schemaName="uii_minimumsizex" displayName="Minimum Size X" parentSchemaName="uii_hostedapplication" parentDisplayName="Hosted Control" solution="UiiForMicrosoftDynamicsCRM2011 (3.0.0.580)" />
        <Dependent key="2" type="60" displayName="Information" parentDisplayName="Hosted Control" id="{233416ec-d5a5-43f4-953e-2465da1340aa}" />
      </MissingDependency>
      <MissingDependency>
        <Required key="35" type="2" schemaName="uii_isnomessagepump" displayName="No Message Pump" parentSchemaName="uii_hostedapplication" parentDisplayName="Hosted Control" solution="UiiForMicrosoftDynamicsCRM2011 (3.0.0.580)" />
        <Dependent key="2" type="60" displayName="Information" parentDisplayName="Hosted Control" id="{233416ec-d5a5-43f4-953e-2465da1340aa}" />
      </MissingDependency>
      <MissingDependency>
        <Required key="36" type="2" schemaName="uii_isrestoreifminimized" displayName="Restore if Minimized" parentSchemaName="uii_hostedapplication" parentDisplayName="Hosted Control" solution="UiiForMicrosoftDynamicsCRM2011 (3.0.0.580)" />
        <Dependent key="2" type="60" displayName="Information" parentDisplayName="Hosted Control" id="{233416ec-d5a5-43f4-953e-2465da1340aa}" />
      </MissingDependency>
      <MissingDependency>
        <Required key="37" type="2" schemaName="uii_isusenewbrowserprocess" displayName="Use new browser process" parentSchemaName="uii_hostedapplication" parentDisplayName="Hosted Control" solution="UiiForMicrosoftDynamicsCRM2011 (3.0.0.580)" />
        <Dependent key="2" type="60" displayName="Information" parentDisplayName="Hosted Control" id="{233416ec-d5a5-43f4-953e-2465da1340aa}" />
      </MissingDependency>
      <MissingDependency>
        <Required key="38" type="2" schemaName="uii_islimittoprocess" displayName="Limit to Process ?" parentSchemaName="uii_hostedapplication" parentDisplayName="Hosted Control" solution="UiiForMicrosoftDynamicsCRM2011 (3.0.0.580)" />
        <Dependent key="2" type="60" displayName="Information" parentDisplayName="Hosted Control" id="{233416ec-d5a5-43f4-953e-2465da1340aa}" />
      </MissingDependency>
      <MissingDependency>
        <Required key="39" type="2" schemaName="uii_adapteruri" displayName="URI" parentSchemaName="uii_hostedapplication" parentDisplayName="Hosted Control" solution="UiiForMicrosoftDynamicsCRM2011 (3.0.0.580)" />
        <Dependent key="2" type="60" displayName="Information" parentDisplayName="Hosted Control" id="{233416ec-d5a5-43f4-953e-2465da1340aa}" />
      </MissingDependency>
      <MissingDependency>
        <Required key="40" type="2" schemaName="uii_usercanclose" displayName="User Can Close" parentSchemaName="uii_hostedapplication" parentDisplayName="Hosted Control" solution="UiiForMicrosoftDynamicsCRM2011 (3.0.0.580)" />
        <Dependent key="2" type="60" displayName="Information" parentDisplayName="Hosted Control" id="{233416ec-d5a5-43f4-953e-2465da1340aa}" />
      </MissingDependency>
      <MissingDependency>
        <Required key="41" type="2" schemaName="uii_externalappworkingdirectory" displayName="Working Directory" parentSchemaName="uii_hostedapplication" parentDisplayName="Hosted Control" solution="UiiForMicrosoftDynamicsCRM2011 (3.0.0.580)" />
        <Dependent key="2" type="60" displayName="Information" parentDisplayName="Hosted Control" id="{233416ec-d5a5-43f4-953e-2465da1340aa}" />
      </MissingDependency>
      <MissingDependency>
        <Required key="42" type="2" schemaName="uii_applicationhostingmode" displayName="Application Hosting Mode" parentSchemaName="uii_hostedapplication" parentDisplayName="Hosted Control" solution="UiiForMicrosoftDynamicsCRM2011 (3.0.0.580)" />
        <Dependent key="2" type="60" displayName="Information" parentDisplayName="Hosted Control" id="{233416ec-d5a5-43f4-953e-2465da1340aa}" />
      </MissingDependency>
      <MissingDependency>
        <Required key="43" type="2" schemaName="msdyusd_scanfordataparameters" displayName="Scan for Data Parameters" parentSchemaName="uii_hostedapplication" parentDisplayName="Hosted Control" solution="DynamicsUnifiedServiceDesk (1.0)" />
        <Dependent key="2" type="60" displayName="Information" parentDisplayName="Hosted Control" id="{233416ec-d5a5-43f4-953e-2465da1340aa}" />
      </MissingDependency>
      <MissingDependency>
        <Required key="44" type="2" schemaName="uii_iswebappusetoolbar" displayName="Use Toolbar" parentSchemaName="uii_hostedapplication" parentDisplayName="Hosted Control" solution="UiiForMicrosoftDynamicsCRM2011 (3.0.0.580)" />
        <Dependent key="2" type="60" displayName="Information" parentDisplayName="Hosted Control" id="{233416ec-d5a5-43f4-953e-2465da1340aa}" />
      </MissingDependency>
      <MissingDependency>
        <Required key="45" type="2" schemaName="msdyusd_displayname" displayName="Display Name" parentSchemaName="uii_hostedapplication" parentDisplayName="Hosted Control" solution="DynamicsUnifiedServiceDesk (1.0)" />
        <Dependent key="2" type="60" displayName="Information" parentDisplayName="Hosted Control" id="{233416ec-d5a5-43f4-953e-2465da1340aa}" />
      </MissingDependency>
      <MissingDependency>
        <Required key="46" type="2" schemaName="uii_remote_processacquisitionattempts" displayName="Process Acquisition Attempts" parentSchemaName="uii_hostedapplication" parentDisplayName="Hosted Control" solution="UiiForMicrosoftDynamicsCRM2011 (3.0.0.580)" />
        <Dependent key="2" type="60" displayName="Information" parentDisplayName="Hosted Control" id="{233416ec-d5a5-43f4-953e-2465da1340aa}" />
      </MissingDependency>
      <MissingDependency>
        <Required key="47" type="2" schemaName="uii_extensionsxml" displayName="Extensions XML" parentSchemaName="uii_hostedapplication" parentDisplayName="Hosted Control" solution="UiiForMicrosoftDynamicsCRM2011 (3.0.0.580)" />
        <Dependent key="2" type="60" displayName="Information" parentDisplayName="Hosted Control" id="{233416ec-d5a5-43f4-953e-2465da1340aa}" />
      </MissingDependency>
      <MissingDependency>
        <Required key="48" type="2" schemaName="uii_adaptertype" displayName="Type" parentSchemaName="uii_hostedapplication" parentDisplayName="Hosted Control" solution="UiiForMicrosoftDynamicsCRM2011 (3.0.0.580)" />
        <Dependent key="2" type="60" displayName="Information" parentDisplayName="Hosted Control" id="{233416ec-d5a5-43f4-953e-2465da1340aa}" />
      </MissingDependency>
      <MissingDependency>
        <Required key="49" type="2" schemaName="msdyusd_savedurl" displayName="Saved URL" parentSchemaName="uii_hostedapplication" parentDisplayName="Hosted Control" solution="DynamicsUnifiedServiceDesk (1.0)" />
        <Dependent key="2" type="60" displayName="Information" parentDisplayName="Hosted Control" id="{233416ec-d5a5-43f4-953e-2465da1340aa}" />
      </MissingDependency>
      <MissingDependency>
        <Required key="50" type="2" schemaName="msdyusd_xaml" displayName="XAML" parentSchemaName="uii_hostedapplication" parentDisplayName="Hosted Control" solution="DynamicsUnifiedServiceDesk (1.0)" />
        <Dependent key="2" type="60" displayName="Information" parentDisplayName="Hosted Control" id="{233416ec-d5a5-43f4-953e-2465da1340aa}" />
      </MissingDependency>
      <MissingDependency>
        <Required key="51" type="2" schemaName="uii_isshowmenu" displayName="Show Menu" parentSchemaName="uii_hostedapplication" parentDisplayName="Hosted Control" solution="UiiForMicrosoftDynamicsCRM2011 (3.0.0.580)" />
        <Dependent key="2" type="60" displayName="Information" parentDisplayName="Hosted Control" id="{233416ec-d5a5-43f4-953e-2465da1340aa}" />
      </MissingDependency>
      <MissingDependency>
        <Required key="52" type="2" schemaName="uii_isretainframeandcaption" displayName="Retain Frame and Caption" parentSchemaName="uii_hostedapplication" parentDisplayName="Hosted Control" solution="UiiForMicrosoftDynamicsCRM2011 (3.0.0.580)" />
        <Dependent key="2" type="60" displayName="Information" parentDisplayName="Hosted Control" id="{233416ec-d5a5-43f4-953e-2465da1340aa}" />
      </MissingDependency>
      <MissingDependency>
        <Required key="53" type="2" schemaName="uii_isshowintoolbardropdown" displayName="Show in Toolbar Dropdown" parentSchemaName="uii_hostedapplication" parentDisplayName="Hosted Control" solution="UiiForMicrosoftDynamicsCRM2011 (3.0.0.580)" />
        <Dependent key="2" type="60" displayName="Information" parentDisplayName="Hosted Control" id="{233416ec-d5a5-43f4-953e-2465da1340aa}" />
      </MissingDependency>
      <MissingDependency>
        <Required key="54" type="2" schemaName="uii_isretainontaskbar" displayName="Retain on Taskbar" parentSchemaName="uii_hostedapplication" parentDisplayName="Hosted Control" solution="UiiForMicrosoftDynamicsCRM2011 (3.0.0.580)" />
        <Dependent key="2" type="60" displayName="Information" parentDisplayName="Hosted Control" id="{233416ec-d5a5-43f4-953e-2465da1340aa}" />
      </MissingDependency>
      <MissingDependency>
        <Required key="55" type="2" schemaName="uii_isretainsystemmenu" displayName="Retain System Menu" parentSchemaName="uii_hostedapplication" parentDisplayName="Hosted Control" solution="UiiForMicrosoftDynamicsCRM2011 (3.0.0.580)" />
        <Dependent key="2" type="60" displayName="Information" parentDisplayName="Hosted Control" id="{233416ec-d5a5-43f4-953e-2465da1340aa}" />
      </MissingDependency>
      <MissingDependency>
        <Required key="56" type="2" schemaName="uii_adaptermode" displayName="Adapter" parentSchemaName="uii_hostedapplication" parentDisplayName="Hosted Control" solution="UiiForMicrosoftDynamicsCRM2011 (3.0.0.580)" />
        <Dependent key="2" type="60" displayName="Information" parentDisplayName="Hosted Control" id="{233416ec-d5a5-43f4-953e-2465da1340aa}" />
      </MissingDependency>
      <MissingDependency>
        <Required key="57" type="2" schemaName="uii_assemblyuri" displayName="Assembly URI" parentSchemaName="uii_hostedapplication" parentDisplayName="Hosted Control" solution="UiiForMicrosoftDynamicsCRM2011 (3.0.0.580)" />
        <Dependent key="2" type="60" displayName="Information" parentDisplayName="Hosted Control" id="{233416ec-d5a5-43f4-953e-2465da1340aa}" />
      </MissingDependency>
      <MissingDependency>
        <Required key="58" type="2" schemaName="uii_externalappuri" displayName="External App URI" parentSchemaName="uii_hostedapplication" parentDisplayName="Hosted Control" solution="UiiForMicrosoftDynamicsCRM2011 (3.0.0.580)" />
        <Dependent key="2" type="60" displayName="Information" parentDisplayName="Hosted Control" id="{233416ec-d5a5-43f4-953e-2465da1340aa}" />
      </MissingDependency>
      <MissingDependency>
        <Required key="59" type="2" schemaName="uii_toplevelwindowmode" displayName="Top Level Window Mode" parentSchemaName="uii_hostedapplication" parentDisplayName="Hosted Control" solution="UiiForMicrosoftDynamicsCRM2011 (3.0.0.580)" />
        <Dependent key="2" type="60" displayName="Information" parentDisplayName="Hosted Control" id="{233416ec-d5a5-43f4-953e-2465da1340aa}" />
      </MissingDependency>
      <MissingDependency>
        <Required key="60" type="9" schemaName="msdyusd_uii_hostedapplication_msdyusd_crmwindowhosttype" displayName="CRM Window Host Type" solution="DynamicsUnifiedServiceDesk (1.0)" />
        <Dependent key="60" type="9" schemaName="msdyusd_uii_hostedapplication_msdyusd_crmwindowhosttype" displayName="CRM Window Host Type" />
      </MissingDependency>
      <MissingDependency>
        <Required key="60" type="9" schemaName="msdyusd_uii_hostedapplication_msdyusd_crmwindowhosttype" displayName="CRM Window Host Type" solution="DynamicsUnifiedServiceDesk (1.0)" />
        <Dependent key="60" type="9" schemaName="msdyusd_uii_hostedapplication_msdyusd_crmwindowhosttype" displayName="CRM Window Host Type" />
      </MissingDependency>
      <MissingDependency>
        <Required key="60" type="9" schemaName="msdyusd_uii_hostedapplication_msdyusd_crmwindowhosttype" displayName="CRM Window Host Type" solution="DynamicsUnifiedServiceDesk (1.0)" />
        <Dependent key="60" type="9" schemaName="msdyusd_uii_hostedapplication_msdyusd_crmwindowhosttype" displayName="CRM Window Host Type" />
      </MissingDependency>
      <MissingDependency>
        <Required key="60" type="9" schemaName="msdyusd_uii_hostedapplication_msdyusd_crmwindowhosttype" displayName="CRM Window Host Type" solution="DynamicsUnifiedServiceDesk (1.0)" />
        <Dependent key="60" type="9" schemaName="msdyusd_uii_hostedapplication_msdyusd_crmwindowhosttype" displayName="CRM Window Host Type" />
      </MissingDependency>
      <MissingDependency>
        <Required key="60" type="9" schemaName="msdyusd_uii_hostedapplication_msdyusd_crmwindowhosttype" displayName="CRM Window Host Type" solution="DynamicsUnifiedServiceDesk (1.0)" />
        <Dependent key="60" type="9" schemaName="msdyusd_uii_hostedapplication_msdyusd_crmwindowhosttype" displayName="CRM Window Host Type" />
      </MissingDependency>
      <MissingDependency>
        <Required key="60" type="9" schemaName="msdyusd_uii_hostedapplication_msdyusd_crmwindowhosttype" displayName="CRM Window Host Type" solution="DynamicsUnifiedServiceDesk (1.0)" />
        <Dependent key="60" type="9" schemaName="msdyusd_uii_hostedapplication_msdyusd_crmwindowhosttype" displayName="CRM Window Host Type" />
      </MissingDependency>
      <MissingDependency>
        <Required key="60" type="9" schemaName="msdyusd_uii_hostedapplication_msdyusd_crmwindowhosttype" displayName="CRM Window Host Type" solution="DynamicsUnifiedServiceDesk (1.0)" />
        <Dependent key="60" type="9" schemaName="msdyusd_uii_hostedapplication_msdyusd_crmwindowhosttype" displayName="CRM Window Host Type" />
      </MissingDependency>
      <MissingDependency>
        <Required key="60" type="9" schemaName="msdyusd_uii_hostedapplication_msdyusd_crmwindowhosttype" displayName="CRM Window Host Type" solution="DynamicsUnifiedServiceDesk (1.0)" />
        <Dependent key="60" type="9" schemaName="msdyusd_uii_hostedapplication_msdyusd_crmwindowhosttype" displayName="CRM Window Host Type" />
      </MissingDependency>
      <MissingDependency>
        <Required key="60" type="9" schemaName="msdyusd_uii_hostedapplication_msdyusd_crmwindowhosttype" displayName="CRM Window Host Type" solution="DynamicsUnifiedServiceDesk (1.0)" />
        <Dependent key="60" type="9" schemaName="msdyusd_uii_hostedapplication_msdyusd_crmwindowhosttype" displayName="CRM Window Host Type" />
      </MissingDependency>
      <MissingDependency>
        <Required key="60" type="9" schemaName="msdyusd_uii_hostedapplication_msdyusd_crmwindowhosttype" displayName="CRM Window Host Type" solution="DynamicsUnifiedServiceDesk (1.0)" />
        <Dependent key="60" type="9" schemaName="msdyusd_uii_hostedapplication_msdyusd_crmwindowhosttype" displayName="CRM Window Host Type" />
      </MissingDependency>
      <MissingDependency>
        <Required key="60" type="9" schemaName="msdyusd_uii_hostedapplication_msdyusd_crmwindowhosttype" displayName="CRM Window Host Type" solution="DynamicsUnifiedServiceDesk (1.0)" />
        <Dependent key="60" type="9" schemaName="msdyusd_uii_hostedapplication_msdyusd_crmwindowhosttype" displayName="CRM Window Host Type" />
      </MissingDependency>
      <MissingDependency>
        <Required key="60" type="9" schemaName="msdyusd_uii_hostedapplication_msdyusd_crmwindowhosttype" displayName="CRM Window Host Type" solution="DynamicsUnifiedServiceDesk (1.0)" />
        <Dependent key="60" type="9" schemaName="msdyusd_uii_hostedapplication_msdyusd_crmwindowhosttype" displayName="CRM Window Host Type" />
      </MissingDependency>
      <MissingDependency>
        <Required key="60" type="9" schemaName="msdyusd_uii_hostedapplication_msdyusd_crmwindowhosttype" displayName="CRM Window Host Type" solution="DynamicsUnifiedServiceDesk (1.0)" />
        <Dependent key="60" type="9" schemaName="msdyusd_uii_hostedapplication_msdyusd_crmwindowhosttype" displayName="CRM Window Host Type" />
      </MissingDependency>
      <MissingDependency>
        <Required key="60" type="9" schemaName="msdyusd_uii_hostedapplication_msdyusd_crmwindowhosttype" displayName="CRM Window Host Type" solution="DynamicsUnifiedServiceDesk (1.0)" />
        <Dependent key="60" type="9" schemaName="msdyusd_uii_hostedapplication_msdyusd_crmwindowhosttype" displayName="CRM Window Host Type" />
      </MissingDependency>
      <MissingDependency>
        <Required key="60" type="9" schemaName="msdyusd_uii_hostedapplication_msdyusd_crmwindowhosttype" displayName="CRM Window Host Type" solution="DynamicsUnifiedServiceDesk (1.0)" />
        <Dependent key="60" type="9" schemaName="msdyusd_uii_hostedapplication_msdyusd_crmwindowhosttype" displayName="CRM Window Host Type" />
      </MissingDependency>
      <MissingDependency>
        <Required key="60" type="9" schemaName="msdyusd_uii_hostedapplication_msdyusd_crmwindowhosttype" displayName="CRM Window Host Type" solution="DynamicsUnifiedServiceDesk (1.0)" />
        <Dependent key="60" type="9" schemaName="msdyusd_uii_hostedapplication_msdyusd_crmwindowhosttype" displayName="CRM Window Host Type" />
      </MissingDependency>
      <MissingDependency>
        <Required key="60" type="9" schemaName="msdyusd_uii_hostedapplication_msdyusd_crmwindowhosttype" displayName="CRM Window Host Type" solution="DynamicsUnifiedServiceDesk (1.0)" />
        <Dependent key="60" type="9" schemaName="msdyusd_uii_hostedapplication_msdyusd_crmwindowhosttype" displayName="CRM Window Host Type" />
      </MissingDependency>
      <MissingDependency>
        <Required key="60" type="9" schemaName="msdyusd_uii_hostedapplication_msdyusd_crmwindowhosttype" displayName="CRM Window Host Type" solution="DynamicsUnifiedServiceDesk (1.0)" />
        <Dependent key="60" type="9" schemaName="msdyusd_uii_hostedapplication_msdyusd_crmwindowhosttype" displayName="CRM Window Host Type" />
      </MissingDependency>
      <MissingDependency>
        <Required key="60" type="9" schemaName="msdyusd_uii_hostedapplication_msdyusd_crmwindowhosttype" displayName="CRM Window Host Type" solution="DynamicsUnifiedServiceDesk (1.0)" />
        <Dependent key="60" type="9" schemaName="msdyusd_uii_hostedapplication_msdyusd_crmwindowhosttype" displayName="CRM Window Host Type" />
      </MissingDependency>
      <MissingDependency>
        <Required key="61" type="10" schemaName="msdyusd_uii_hostedapplication_msdyusd_languagemodule" solution="DynamicsUnifiedServiceDesk (1.0)" />
        <Dependent key="2" type="60" displayName="Information" parentDisplayName="Hosted Control" id="{233416ec-d5a5-43f4-953e-2465da1340aa}" />
      </MissingDependency>
      <MissingDependency>
        <Required key="62" type="26" schemaName="Active Language Modules" displayName="Active Language Modules" parentSchemaName="msdyusd_languagemodule" parentDisplayName="Language Module" solution="DynamicsUnifiedServiceDesk (1.0)" id="{d4a3d1d0-54cf-445c-aa44-95a1c125f8ce}" />
        <Dependent key="2" type="60" displayName="Information" parentDisplayName="Hosted Control" id="{233416ec-d5a5-43f4-953e-2465da1340aa}" />
      </MissingDependency>
      <MissingDependency>
        <Required key="2" type="60" displayName="Information" parentDisplayName="Hosted Control" solution="UiiForMicrosoftDynamicsCRM2011 (3.0.0.580)" id="{233416ec-d5a5-43f4-953e-2465da1340aa}" />
        <Dependent key="2" type="60" displayName="Information" parentDisplayName="Hosted Control" id="{233416ec-d5a5-43f4-953e-2465da1340aa}" />
      </MissingDependency>
      <MissingDependency>
        <Required key="63" type="61" schemaName="msdyusd_CRMUnifiedServiceDesk" displayName="msdyusd_CRMUnifiedServiceDesk" solution="DynamicsUnifiedServiceDesk (1.0)" />
        <Dependent key="63" type="61" schemaName="msdyusd_CRMUnifiedServiceDesk" displayName="msdyusd_CRMUnifiedServiceDesk" />
      </MissingDependency>
      <MissingDependency>
        <Required key="64" type="61" schemaName="uii_HostedApplication.js" displayName="uii_HostedApplication.js" solution="UiiForMicrosoftDynamicsCRM2011 (3.0.0.580)" />
        <Dependent key="2" type="60" displayName="Information" parentDisplayName="Hosted Control" id="{233416ec-d5a5-43f4-953e-2465da1340aa}" />
      </MissingDependency>
      <MissingDependency>
        <Required key="65" type="61" schemaName="uii_Common.js" displayName="uii_Common.js" solution="UiiForMicrosoftDynamicsCRM2011 (3.0.0.580)" />
        <Dependent key="2" type="60" displayName="Information" parentDisplayName="Hosted Control" id="{233416ec-d5a5-43f4-953e-2465da1340aa}" />
      </MissingDependency>
      <MissingDependency>
        <Required key="66" type="61" schemaName="UII_hostedapplication_main_library.js" displayName="UII_hostedapplication_main_library.js" solution="UiiForMicrosoftDynamicsCRM2011 (3.0.0.580)" />
        <Dependent key="2" type="60" displayName="Information" parentDisplayName="Hosted Control" id="{233416ec-d5a5-43f4-953e-2465da1340aa}" />
      </MissingDependency>
      <MissingDependency>
        <Required key="67" type="61" schemaName="ms_HostApplication_16" displayName="ms_HostApplication_16" solution="UiiForMicrosoftDynamicsCRM2011 (3.0.0.580)" />
        <Dependent key="0" type="1" schemaName="uii_hostedapplication" displayName="Hosted Control" />
      </MissingDependency>
      <MissingDependency>
        <Required key="68" type="61" schemaName="msdyusd_HostedControl_32" displayName="msdyusd_HostedControl_32" solution="DynamicsUnifiedServiceDesk (1.0)" />
        <Dependent key="0" type="1" schemaName="uii_hostedapplication" displayName="Hosted Control" />
      </MissingDependency>
    </MissingDependencies>
  </SolutionManifest>
</ImportExportXml>